<assembly>
	<id>deploy</id>
	<formats>
		<format>tar.gz</format>
	</formats>
	<fileSets>
		<!-- 
			adds any control scripts to the 'bin' directory of the zip distro 
			note: these scripts reside in src/main/scripts, by Maven convention 
		-->
		<fileSet>
			<directory>${project.build.scriptSourceDirectory}</directory>
			<outputDirectory>bin</outputDirectory>
			<includes>
				<include>*.sh</include>
			</includes>
			<filtered>true</filtered>
			<lineEnding>unix</lineEnding>
      		<fileMode>0755</fileMode>
		</fileSet>
		<fileSet>
			<directory>${project.build.directory}</directory>
			<outputDirectory>lib</outputDirectory>
			<includes>
				<include>${executable.jar.name}.jar</include>
			</includes>
		</fileSet>
	</fileSets>
	<dependencySets>
	    <dependencySet>
	      <scope>runtime</scope>
	      <outputDirectory>lib</outputDirectory>
	    </dependencySet>
	</dependencySets>
</assembly>