<assembly>
	<id>deploy</id>
	<formats>
		<format>tar.gz</format>
	</formats>

	<fileSets>
		<!-- adds any control scripts to the 'bin' directory of the zip distro 
			note: these scripts reside in src/main/scripts, by Maven convention -->
		<fileSet>
			<directory>../business/src/main/resources/config</directory>
			<outputDirectory>config</outputDirectory>
			<includes>
				<include>*.properties</include>
				<include>*.cfg</include>
			</includes>
			<filtered>true</filtered>
			<lineEnding>unix</lineEnding>
			<fileMode>0755</fileMode>
		</fileSet>
		<fileSet>
			<directory>../business/src/main/resources</directory>
			<outputDirectory>config</outputDirectory>
			<includes>
				<include>logback.xml</include>
			</includes>
			<filtered>true</filtered>
			<lineEnding>unix</lineEnding>
			<fileMode>0755</fileMode>
		</fileSet>
	</fileSets>

</assembly>