<?xml version="1.0" encoding="UTF-8"?>

<configuration scan="true">
	<!-- JMX-based log level changes -->
	<jmxConfigurator />

	<!-- ============================================================= -->
	<!-- Appenders -->
	<!-- ============================================================= -->
	<appender name="STDOUT" class="ch.qos.logback.core.ConsoleAppender">
		<encoder>
			<pattern>
				%d|%-5p|%t|${env}|ignite-trade-update-service|${PID}|%X{logCorrelationId}|%logger{5}|%m%n
			</pattern>
		</encoder>
	</appender>

	<!-- Rolls every 5MB up to a maximum of 5 historic files, if we are using 
		Splunk to view our files then 25MB is more than enough of a buffer for the 
		splunkforwarder whilst also limiting the log file footprint on our app servers -->
	<appender name="FILE"
		class="ch.qos.logback.core.rolling.RollingFileAppender">
		<file>${logs.dir}/ignite-trade-update-service.log</file>

		<rollingPolicy class="ch.qos.logback.core.rolling.TimeBasedRollingPolicy">
			<!-- daily rollover -->
			<fileNamePattern>${logs.dir}/ignite-trade-update-service.log.%d{yyyy-MM-dd}.%i</fileNamePattern>
			<timeBasedFileNamingAndTriggeringPolicy class="ch.qos.logback.core.rolling.SizeAndTimeBasedFNATP">
				<!-- or whenever the file size reaches 5MB -->
				<maxFileSize>5MB</maxFileSize>
			</timeBasedFileNamingAndTriggeringPolicy>
			<!-- keep 10 files worth of history -->
			<maxHistory>10</maxHistory>
		</rollingPolicy>

		<encoder class="ch.qos.logback.classic.encoder.PatternLayoutEncoder">
			<pattern>
				%d|%-5p|%t|${env}|ignite-trade-update-service|${PID}|%X{logCorrelationId}|%logger{5}|%m%n
			</pattern>
		</encoder>
	</appender>

	<!-- will likely have to talk to our env people about publishing to a remote syslog server -->
	<appender name="SYSLOG" class="ch.qos.logback.classic.net.SyslogAppender">
		<syslogHost>127.0.0.1</syslogHost>
		<facility>USER</facility>
		<suffixPattern>[%thread] %logger %msg</suffixPattern>
	</appender>

	<!-- ============================================================= -->
	<!-- Loggers -->
	<!-- ============================================================= -->

	<!-- Specific loggers, override the root logger -->

	<!-- Various 3rd party frameworks -->
	<logger name="org.springframework" level="INFO" />
	<logger name="ch.qos.logback" level="WARN" />

	<!-- all errors should be logged to the syslog -->
	<root level="ERROR">
		<appender-ref ref="SYSLOG" />
	</root>
 
	<!-- Root Logger -->
	<root level="INFO">
		<appender-ref ref="STDOUT" />
		<appender-ref ref="FILE" />
	</root>
</configuration>