<?xml version="1.0" encoding="UTF-8" ?>
<!DOCTYPE log4j:configuration SYSTEM "log4j.dtd">
<log4j:configuration debug="true"
                     xmlns:log4j='http://jakarta.apache.org/log4j/'>

    <appender name="console" class="org.apache.log4j.ConsoleAppender">
        <layout class="org.apache.log4j.PatternLayout">
            <param name="ConversionPattern"
                   value="%d{yyyy-MM-dd HH:mm:ss} %-5p [%15.15t] %c{1} - %m%n"/>
        </layout>
    </appender>

    <logger name="org.sk.tutorial.jfamily" additivity="false">
        <level value="info"/>
        <appender-ref ref="serviceLevelLogFileAppender"/>
        <appender-ref ref="console"/>
    </logger>

    <appender class="org.apache.log4j.RollingFileAppender" name="serviceLevelLogFileAppender">
        <param value="../logs/${LOG.FILE}.log" name="File"/>
        <param value="INFO" name="Threshold"/>
        <param name="MaxFileSize" value="3MB"/>
        <param name="MaxBackupIndex" value="30"/>
        <layout class="org.apache.log4j.EnhancedPatternLayout">
            <param value="[%p|%d{ISO8601}{GMT}|%c|%t|%C{1}]%m%n"
                   name="ConversionPattern"/>
        </layout>
    </appender>

</log4j:configuration>